{"p.flav.s": {"p.flav.s": 0, "m.trem.n": 0.018000000000000148, "s.comm.s": 1.0, "a.gal9.n": 1, "l.crin.s": 0.44200000000000006, "p.rufa.acer.s": 1.0, "x.sub.s": 1, "f.fom.n": 1.0, "p.pend.n": 1.0, "p.flav.n": 0, "a.sin.n": 1, "h.seti.n": 1.0, "p.sang.s": 0.5830000000000001, "a.gal8.n": 1, "m.trem.s": 0.11800000000000015, "p.robin.s": 1.0, "p.rufa.acer.n": 1.0, "l.conif.n": 0.5640000000000001, "a.tab.n": 1, "h.seti.s": 1.0, "p.har.n": 0.9260000000000002, "m.meri.s": 1.0, "a.gal6.n": 1, "a.gal1.s": 1, "a.tab.s": 1.0, "h.crust.n": 1.0, "p.robin.n": 1.0, "p.gilv.n": 0.676, "a.gal10.n": 1}, "m.trem.n": {"p.flav.s": 0, "m.trem.n": 0, "s.comm.s": 0.8049999999999999, "a.gal9.n": 0.986, "l.crin.s": 0.42399999999999993, "p.rufa.acer.s": 0.21099999999999994, "x.sub.s": 0.985, "f.fom.n": 0.591, "p.pend.n": 0.6559999999999999, "p.flav.n": 1.0, "a.sin.n": 1.0, "h.seti.n": 0.0, "p.sang.s": 0.565, "a.gal8.n": 1, "m.trem.s": 0, "p.robin.s": 1.0, "p.rufa.acer.n": 0.18699999999999992, "l.conif.n": 1.0, "a.tab.n": 1, "h.seti.s": 0.5919999999999999, "p.har.n": 0.9079999999999998, "m.meri.s": 1.0, "a.gal6.n": 1, "a.gal1.s": 1, "a.tab.s": 1.0, "h.crust.n": 0.866, "p.robin.n": 0.8320000000000001, "p.gilv.n": 0.6579999999999999, "a.gal10.n": 1}, "s.comm.s": {"p.flav.s": 0, "m.trem.n": 0, "s.comm.s": 0, "a.gal9.n": 0.181, "l.crin.s": 0, "p.rufa.acer.s": 0, "x.sub.s": 0.18, "f.fom.n": 1, "p.pend.n": 0, "p.flav.n": 0, "a.sin.n": 0.18, "h.seti.n": 0, "p.sang.s": 0, "a.gal8.n": 0.23199999999999998, "m.trem.s": 1, "p.robin.s": 0.04299999999999997, "p.rufa.acer.n": 0, "l.conif.n": 1, "a.tab.n": 0.207, "h.seti.s": 1, "p.har.n": 0.10299999999999998, "m.meri.s": 1.0, "a.gal6.n": 0.20800000000000002, "a.gal1.s": 0.23199999999999998, "a.tab.s": 0.14999999999999997, "h.crust.n": 1.0, "p.robin.n": 0.027000000000000003, "p.gilv.n": 0, "a.gal10.n": 0.22199999999999998}, "a.gal9.n": {"p.flav.s": 0, "m.trem.n": 0, "s.comm.s": 0, "a.gal9.n": 0, "l.crin.s": 0, "p.rufa.acer.s": 0, "x.sub.s": 0, "f.fom.n": 1, "p.pend.n": 0, "p.flav.n": 0, "a.sin.n": 0, "h.seti.n": 0, "p.sang.s": 0, "a.gal8.n": 0, "m.trem.s": 0, "p.robin.s": 0, "p.rufa.acer.n": 0, "l.conif.n": 0, "a.tab.n": 0.026000000000000002, "h.seti.s": 0, "p.har.n": 0, "m.meri.s": 0, "a.gal6.n": 0, "a.gal1.s": 0, "a.tab.s": 0, "h.crust.n": 0, "p.robin.n": 0, "p.gilv.n": 0, "a.gal10.n": 0}, "l.crin.s": {"p.flav.s": 0, "m.trem.n": 0, "s.comm.s": 1.0, "a.gal9.n": 0.562, "l.crin.s": 0, "p.rufa.acer.s": 0, "x.sub.s": 0.5609999999999999, "f.fom.n": 0.16699999999999998, "p.pend.n": 0.23200000000000004, "p.flav.n": 1, "a.sin.n": 0.5609999999999999, "h.seti.n": 0.22699999999999995, "p.sang.s": 0.0, "a.gal8.n": 1.0, "m.trem.s": 0, "p.robin.s": 0.42400000000000004, "p.rufa.acer.n": 0, "l.conif.n": 0.12199999999999997, "a.tab.n": 0.588, "h.seti.s": 0.16799999999999998, "p.har.n": 0.484, "m.meri.s": 0.0, "a.gal6.n": 1.0, "a.gal1.s": 0.613, "a.tab.s": 0.5309999999999999, "h.crust.n": 0.0, "p.robin.n": 0.40800000000000003, "p.gilv.n": 0.23399999999999999, "a.gal10.n": 0.603}, "p.rufa.acer.s": {"p.flav.s": 0, "m.trem.n": 0, "s.comm.s": 1.0, "a.gal9.n": 1.0, "l.crin.s": 1.0, "p.rufa.acer.s": 0, "x.sub.s": 1.0, "f.fom.n": 1.0, "p.pend.n": 1.0, "p.flav.n": 1.0, "a.sin.n": 1.0, "h.seti.n": 0.43999999999999995, "p.sang.s": 0.354, "a.gal8.n": 1.0, "m.trem.s": 1, "p.robin.s": 1.0, "p.rufa.acer.n": 0, "l.conif.n": 1.0, "a.tab.n": 1.0, "h.seti.s": 1.0, "p.har.n": 1.0, "m.meri.s": 0.721, "a.gal6.n": 1.0, "a.gal1.s": 0.826, "a.tab.s": 1.0, "h.crust.n": 0.655, "p.robin.n": 0.621, "p.gilv.n": 1.0, "a.gal10.n": 1.0}, "x.sub.s": {"p.flav.s": 0, "m.trem.n": 0, "s.comm.s": 0, "a.gal9.n": 0.0010000000000000009, "l.crin.s": 0, "p.rufa.acer.s": 0, "x.sub.s": 0, "f.fom.n": 0, "p.pend.n": 0, "p.flav.n": 0, "a.sin.n": 0.0, "h.seti.n": 0, "p.sang.s": 0, "a.gal8.n": 0.052000000000000005, "m.trem.s": 0, "p.robin.s": 0, "p.rufa.acer.n": 0, "l.conif.n": 0, "a.tab.n": 0.027000000000000003, "h.seti.s": 0, "p.har.n": 0, "m.meri.s": 0, "a.gal6.n": 0.028000000000000004, "a.gal1.s": 0.052000000000000005, "a.tab.s": 0, "h.crust.n": 0, "p.robin.n": 0, "p.gilv.n": 0, "a.gal10.n": 0.042}, "f.fom.n": {"p.flav.s": 0, "m.trem.n": 0, "s.comm.s": 0.0, "a.gal9.n": 0.0, "l.crin.s": 0, "p.rufa.acer.s": 0, "x.sub.s": 0.394, "f.fom.n": 0, "p.pend.n": 0.06500000000000003, "p.flav.n": 0, "a.sin.n": 0.394, "h.seti.n": 0.05999999999999996, "p.sang.s": 0, "a.gal8.n": 0.446, "m.trem.s": 0, "p.robin.s": 0.257, "p.rufa.acer.n": 0, "l.conif.n": 0, "a.tab.n": 0.421, "h.seti.s": 0.0009999999999999788, "p.har.n": 0.317, "m.meri.s": 0.341, "a.gal6.n": 0.422, "a.gal1.s": 0.446, "a.tab.s": 0.364, "h.crust.n": 0.0, "p.robin.n": 0.24100000000000002, "p.gilv.n": 0.06699999999999999, "a.gal10.n": 0.43600000000000005}, "p.pend.n": {"p.flav.s": 0, "m.trem.n": 0, "s.comm.s": 0.14899999999999997, "a.gal9.n": 0.32999999999999996, "l.crin.s": 0, "p.rufa.acer.s": 0, "x.sub.s": 0.32899999999999996, "f.fom.n": 0, "p.pend.n": 0, "p.flav.n": 0, "a.sin.n": 0.32899999999999996, "h.seti.n": 0, "p.sang.s": 0, "a.gal8.n": 0.38099999999999995, "m.trem.s": 0, "p.robin.s": 0.19199999999999995, "p.rufa.acer.n": 0, "l.conif.n": 0, "a.tab.n": 0.356, "h.seti.s": 0, "p.har.n": 0.25199999999999995, "m.meri.s": 0.27599999999999997, "a.gal6.n": 0.35699999999999993, "a.gal1.s": 0.38099999999999995, "a.tab.s": 0.29899999999999993, "h.crust.n": 0.20999999999999996, "p.robin.n": 0.176, "p.gilv.n": 0.0019999999999999575, "a.gal10.n": 0.37099999999999994}, "p.flav.n": {"p.flav.s": 0, "m.trem.n": 0, "s.comm.s": 0.5469999999999999, "a.gal9.n": 1.0, "l.crin.s": 0.0, "p.rufa.acer.s": 0, "x.sub.s": 0.727, "f.fom.n": 0.3329999999999999, "p.pend.n": 0.39799999999999996, "p.flav.n": 0, "a.sin.n": 0.727, "h.seti.n": 1.0, "p.sang.s": 0.30699999999999994, "a.gal8.n": 1.0, "m.trem.s": 0, "p.robin.s": 1.0, "p.rufa.acer.n": 0, "l.conif.n": 0.2879999999999999, "a.tab.n": 0.7539999999999999, "h.seti.s": 0.3339999999999999, "p.har.n": 0.6499999999999999, "m.meri.s": 0.0, "a.gal6.n": 1.0, "a.gal1.s": 1.0, "a.tab.s": 1.0, "h.crust.n": 0.6079999999999999, "p.robin.n": 0.574, "p.gilv.n": 0.3999999999999999, "a.gal10.n": 1.0}, "a.sin.n": {"p.flav.s": 0, "m.trem.n": 0, "s.comm.s": 0, "a.gal9.n": 0, "l.crin.s": 0, "p.rufa.acer.s": 0, "x.sub.s": 0.0, "f.fom.n": 0, "p.pend.n": 0, "p.flav.n": 0, "a.sin.n": 0, "h.seti.n": 0, "p.sang.s": 0, "a.gal8.n": 0.052000000000000005, "m.trem.s": 0, "p.robin.s": 0, "p.rufa.acer.n": 0, "l.conif.n": 0, "a.tab.n": 0.027000000000000003, "h.seti.s": 0, "p.har.n": 0, "m.meri.s": 0, "a.gal6.n": 0.028000000000000004, "a.gal1.s": 0, "a.tab.s": 0, "h.crust.n": 0, "p.robin.n": 0, "p.gilv.n": 0, "a.gal10.n": 0.042}, "h.seti.n": {"p.flav.s": 0, "m.trem.n": 1, "s.comm.s": 0.15400000000000005, "a.gal9.n": 1.0, "l.crin.s": 0, "p.rufa.acer.s": 0, "x.sub.s": 0.334, "f.fom.n": 0, "p.pend.n": 0.005000000000000071, "p.flav.n": 0, "a.sin.n": 1.0, "h.seti.n": 0, "p.sang.s": 0, "a.gal8.n": 1.0, "m.trem.s": 0, "p.robin.s": 1.0, "p.rufa.acer.n": 0, "l.conif.n": 0, "a.tab.n": 0, "h.seti.s": 0, "p.har.n": 0.257, "m.meri.s": 1.0, "a.gal6.n": 1.0, "a.gal1.s": 1.0, "a.tab.s": 1.0, "h.crust.n": 1.0, "p.robin.n": 0.18100000000000005, "p.gilv.n": 0.007000000000000029, "a.gal10.n": 1.0}, "p.sang.s": {"p.flav.s": 0, "m.trem.n": 0, "s.comm.s": 0.24, "a.gal9.n": 0.421, "l.crin.s": 1, "p.rufa.acer.s": 0, "x.sub.s": 0.41999999999999993, "f.fom.n": 1.0, "p.pend.n": 0.09100000000000001, "p.flav.n": 0, "a.sin.n": 0.41999999999999993, "h.seti.n": 0.08599999999999994, "p.sang.s": 0, "a.gal8.n": 0.472, "m.trem.s": 0, "p.robin.s": 0.283, "p.rufa.acer.n": 0, "l.conif.n": 0, "a.tab.n": 0.44699999999999995, "h.seti.s": 0.026999999999999958, "p.har.n": 0.34299999999999997, "m.meri.s": 0.367, "a.gal6.n": 1.0, "a.gal1.s": 1.0, "a.tab.s": 0.38999999999999996, "h.crust.n": 0.301, "p.robin.n": 0.267, "p.gilv.n": 1.0, "a.gal10.n": 0.462}, "a.gal8.n": {"p.flav.s": 0, "m.trem.n": 0, "s.comm.s": 0, "a.gal9.n": 0, "l.crin.s": 0, "p.rufa.acer.s": 0, "x.sub.s": 0, "f.fom.n": 0, "p.pend.n": 0,